<?xml version="1.0" encoding="UTF-8" standalone="yes"?>
<addon id="script.module.tzdata" name="tzdata" version="2021.5" provider-name="pganssle">
  <requires>
    <import addon="xbmc.python" version="3.0.0"/>
  </requires>
  <extension point="xbmc.python.module" library="lib"/>
  <extension point="xbmc.addon.metadata">
    <summary lang="en_GB">zic-compiled binaries for the IANA time zone database</summary>
    <description lang="en_GB">tzdata is intended to be a fallback for systems that do not have system time zone data installed.</description>
    <platform>all</platform>
    <license>Apache-2.0</license>
    <website>https://pypi.org/project/tzdata/</website>
    <source>https://github.com/python/tzdata</source>
    <assets>
      <icon>resources/icon.png</icon>
    </assets>
  </extension>
</addon>
