<?xml version="1.0" encoding="utf-8"?>
<window>
  <defaultcontrol always="true">450</defaultcontrol>
  <include>Animation_DialogPopupOpenClose</include>
  <controls>
    <control type="group">
      <centertop>50%</centertop>
      <centerleft>50%</centerleft>
      <width>1400</width>
      <height>858</height>
      <include content="DialogBackgroundCommons">
        <param name="width" value="1400"/>
        <param name="height" value="858"/>
        <param name="header_label" value="[COLOR dialog_fg_30]$LOCALIZE[1036]  [/COLOR]$INFO[ListItem.Label]"/>
        <param name="header_id" value="2"/>
      </include>
      <include content="UpDownArrows">
        <param name="container_id" value="450"/>
        <param name="posx" value="746"/>
        <param name="up_posy" value="-40"/>
        <param name="down_posy" value="876"/>
      </include>
      <control type="scrollbar" id="60">
        <right>0</right>
        <top>70</top>
        <width>12</width>
        <bottom>0</bottom>
        <onleft>450</onleft>
        <onright>450</onright>
        <orientation>vertical</orientation>
      </control>
      <control type="panel" id="450">
        <left>25</left>
        <top>70</top>
        <width>1400</width>
        <bottom>0</bottom>
        <onleft>60</onleft>
        <onright>60</onright>
        <onup>450</onup>
        <ondown>450</ondown>
        <preloaditems>2</preloaditems>
        <pagecontrol>60</pagecontrol>
        <scrolltime tween="sine">400</scrolltime>
        <orientation>vertical</orientation>
        <itemlayout height="382.5" width="270" condition="$PARAM[postercondition]">
          <include content="ViewPosterItemLayout" />
          <include content="View_WatchedOverlay">
            <param name="bottom" value="-25"/>
            <param name="right" value="44"/>
            <param name="visible" value="false"/>
          </include>
        </itemlayout>
        <focusedlayout height="382.5" width="270" condition="$PARAM[postercondition]">
          <include content="ViewPosterItemLayout">
          </include>
          <include content="Selectbox">
            <param name="pad_top_b" value="-15"/>
            <param name="pad_bottom_b" value="-22"/>
            <param name="pad_left_b" value="-15"/>
            <param name="pad_right_b" value="-5"/>
            <param name="pad_top_t" value="-10"/>
            <param name="pad_bottom_t" value="-16"/>
            <param name="pad_left_t" value="-10"/>
            <param name="pad_right_t" value="0"/>
            <param name="visible_posters" value="true"/>
            <param name="visible_squares" value="false"/>
            <param name="visible_landscapes" value="false"/>
          </include>
          <include content="View_WatchedOverlay">
            <param name="bottom" value="-25"/>
            <param name="right" value="44"/>
            <param name="visible" value="true"/>
          </include>
        </focusedlayout>
      </control>
      <control type="textbox">
        <left>300</left>
        <width>900</width>
        <bottom>0</bottom>
        <aligny>center</aligny>
        <align>center</align>
        <label>$LOCALIZE[31025]</label>
        <font>font37</font>
        <visible>Integer.IsEqual(Container(450).NumItems,0)</visible>
      </control>
    </control>
  </controls>
</window>
