<?xml version="1.0" encoding="UTF-8"?>
<window>
  <include>Animation_DialogPopupOpenClose</include>
  <depth>DepthDialog+</depth>
  <controls>
    <control type="group">
      <height>400</height>
      <centertop>50%</centertop>
      <centerleft>50%</centerleft>
      <width>915</width>
      <include content="DialogBackgroundCommons">
        <param name="width" value="915"/>
        <param name="height" value="380"/>
        <param name="header_label" value=""/>
        <param name="header_id" value="1"/>
      </include>
      <control type="textbox" id="9">
        <left>30</left>
        <top>82</top>
        <width>855</width>
        <height>165</height>
        <label/>
        <autoscroll time="3000" delay="4000" repeat="5000">true</autoscroll>
      </control>
      <control type="progress" id="20">
        <left>30</left>
        <top>252</top>
        <width>855</width>
        <height>24</height>
        <info>System.Progressbar</info>
        <texturebg colordiffuse="4D181818" border="4">diffuse/progress-bg.png</texturebg>
      </control>
      <control type="progress">
        <description>Progressbar</description>
        <left>30</left>
        <top>252</top>
        <width>855</width>
        <height>24</height>
        <info>System.Progressbar</info>
        <texturebg colordiffuse="00ffffff" border="4">diffuse/progress-bg.png</texturebg>
        <lefttexture colordiffuse="00ffffff" border="4">diffuse/progress-left.png</lefttexture>
        <midtexture colordiffuse="$VAR[ColorGradient]" border="4" diffuse="progress/diffuse.png">diffuse/progress-end.png</midtexture>
        <righttexture colordiffuse="$VAR[ColorGradient]" border="4" diffuse="progress/diffuse-end.png">diffuse/progress-right.png</righttexture>
        <include content="ProgressColorFade">
          <param name="id" value="20"/>
        </include>
      </control>
      <control type="grouplist" id="9000">
        <orientation>horizontal</orientation>
        <left>0</left>
        <top>290</top>
        <width>915</width>
        <align>center</align>
        <itemgap>32</itemgap>
        <include content="DefaultDialogButton">
          <param name="id" value="11"/>
          <param name="label" value=""/>
        </include>
        <include content="DefaultDialogButton">
          <param name="id" value="10"/>
          <param name="label" value=""/>
        </include>
        <include content="DefaultDialogButton">
          <param name="id" value="12"/>
          <param name="label" value=""/>
        </include>
      </control>
    </control>
  </controls>
</window>
