<?xml version="1.0" encoding="UTF-8"?>
<includes>
  <include name="Dialog_Notification_Group">
    <param name="main_id" default="30"/>
    <param name="sub_id" default="31"/>
    <param name="nowplaying" default="false"/>
    <param name="progress" default="Control.GetLabel(32)"/>
    <param name="progress-id" default="32"/>
    <param name="icon" default="buttons/info.png"/>
    <param name="fgcolor" default="main_fg"/>
    <definition>
      <top>80</top>
      <left>80</left>
      <right>80</right>
      <height>40</height>
      <control type="group">
        <include>OpenClose_Fade</include>
        <right>-225</right>
        <top>0</top>
        <width>700</width>
        <height>50</height>
        <control type="image">
          <left>-300</left>
          <right>-300</right>
          <top>-300</top>
          <bottom>-300</bottom>
          <aspectratio>stretch</aspectratio>
          <texture flipx="true">common/shadowspot.png</texture>
        </control>
        <control type="image">
          <left>-300</left>
          <right>-300</right>
          <top>-300</top>
          <bottom>-300</bottom>
          <aspectratio>stretch</aspectratio>
          <texture flipx="true">common/shadowspot.png</texture>
        </control>
        <control type="image">
          <left>-300</left>
          <right>-300</right>
          <top>-300</top>
          <bottom>-300</bottom>
          <aspectratio>stretch</aspectratio>
          <texture flipx="true">common/shadowspot.png</texture>
        </control>
      </control>
      <control type="image" description="Back">
        <right>-16</right>
        <centertop>50%</centertop>
        <width>80</width>
        <height>80</height>
        <aspectratio align="center" aligny="center">keep</aspectratio>
        <texture>dialog/loading-back.png</texture>
        <colordiffuse>$VAR[ColorHighlight]</colordiffuse>
      </control>
      <control type="group">
        <right>-16</right>
        <centertop>50%</centertop>
        <width>80</width>
        <height>80</height>
        <visible>[Window.IsVisible(DialogExtendedProgressBar.xml) + Control.IsVisible(32)] | $PARAM[nowplaying]</visible>
        <control type="image">
          <texture colordiffuse="$VAR[ColorHighlight]">$INFO[$PARAM[progress],progress/circle/p,.png]</texture>
          <aspectratio align="center" aligny="center">keep</aspectratio>
        </control>
        <control type="image">
          <texture colordiffuse="$VAR[ColorGradient]">$INFO[$PARAM[progress],progress/circle/p,.png]</texture>
          <animation effect="fade" end="66" condition="true">Conditional</animation>
          <aspectratio align="center" aligny="center">keep</aspectratio>
          <include content="ProgressColorFade">
            <param name="id" value="$PARAM[progress-id]"/>
          </include>
        </control>
      </control>
      <control type="image">
        <right>8</right>
        <centertop>50%</centertop>
        <height>32</height>
        <width>42</width>
        <aspectratio align="right">keep</aspectratio>
        <texture colordiffuse="$PARAM[fgcolor]_100">$PARAM[icon]</texture>
      </control>
      <control type="group">
        <right>64</right>
        <centertop>50%</centertop>
        <height>72</height>
        <control type="label" id="$PARAM[main_id]">
          <right>0</right>
          <centertop>33%</centertop>
          <height>26</height>
          <label>$PARAM[label]</label>
          <align>right</align>
          <width max="500">auto</width>
          <font>font_small_notify_main_bold</font>
          <textcolor>$PARAM[fgcolor]_100</textcolor>
        </control>
        <control type="grouplist">
          <align>right</align>
          <usecontrolcoords>true</usecontrolcoords>
          <orientation>horizontal</orientation>
          <itemgap>10</itemgap>
          <control type="label" id="$PARAM[sub_id]">
            <centerbottom>33%</centerbottom>
            <height>26</height>
            <label>$PARAM[label2]</label>
            <width max="500">auto</width>
            <scroll>true</scroll>
            <font>font13</font>
            <textcolor>$PARAM[fgcolor]_100</textcolor>
          </control>
          <control type="label">
            <centerbottom>33%</centerbottom>
            <height>26</height>
            <width>auto</width>
            <textcolor>$PARAM[fgcolor]_100</textcolor>
            <font>font13</font>
            <label>$INFO[Control.GetLabel(32),,%]</label>
            <visible>Window.IsVisible(DialogExtendedProgressBar.xml) + Control.IsVisible(32)</visible>
          </control>
        </control>
      </control>
    </definition>
  </include>
</includes>
