<?xml version="1.0" encoding="UTF-8"?>
<window>
  <defaultcontrol always="true">52</defaultcontrol>
  <controls>
    <include>DefaultBackground</include>
    <control type="group">
      <include>Animation_TopSlide</include>
      <control type="group">
        <centerleft>50%</centerleft>
        <top>160</top>
        <width>250</width>
        <height>112</height>
        <control type="image">
          <left>0</left>
          <top>0</top>
          <width>250</width>
          <height>112</height>
          <aspectratio aligny="center" align="center">keep</aspectratio>
          <texture>special://xbmc/media/vendor_logo.png</texture>
        </control>
      </control>
      <control type="textbox">
        <centerleft>50%</centerleft>
        <top>220</top>
        <width>750</width>
        <height>300</height>
        <align>center</align>
        <aligny>center</aligny>
        <textcolor>99FFFFFF</textcolor>
        <font>font14</font>
        <label>$LOCALIZE[31098]</label>
      </control>
    </control>
    <control type="group">
      <include>Animation_BottomSlide</include>
      <control type="fixedlist" id="52">
        <left>0</left>
        <right>0</right>
        <top>500</top>
        <height>300</height>
        <onleft>52</onleft>
        <onright>52</onright>
        <onup>20</onup>
        <ondown>20</ondown>
        <focusposition>2</focusposition>
        <orientation>horizontal</orientation>
        <scrolltime tween="cubic" easing="out">500</scrolltime>
        <itemlayout width="384" height="300">
          <control type="image">
            <centerleft>50%</centerleft>
            <top>20</top>
            <height>200</height>
            <width>200</width>
            <texture diffuse="icons/profiles/profile-diffuse.png">$INFO[ListItem.Icon]</texture>
            <aspectratio scalediffuse="false">scale</aspectratio>
          </control>
          <control type="textbox">
            <left>60</left>
            <right>60</right>
            <top>220</top>
            <height>80</height>
            <label>$INFO[ListItem.label]</label>
            <font>font27</font>
            <align>center</align>
            <aligny>center</aligny>
            <textcolor>99FFFFFF</textcolor>
          </control>
        </itemlayout>
        <focusedlayout width="384" height="300">
          <control type="group">
            <left>30</left>
            <top>-20</top>
            <right>30</right>
            <bottom>-20</bottom>
            <control type="image">
              <texture colordiffuse="$VAR[ColorHighlight]" border="5">common/white.png</texture>
            </control>
            <control type="image">
              <texture colordiffuse="$VAR[ColorGradient]" border="5">common/white-gradient.png</texture>
            </control>
            <visible>Control.HasFocus(52)</visible>
            <animation reversible="false" effect="fade" start="20" end="75" time="200">Focus</animation>
          </control>
          <control type="image">
            <centerleft>50%</centerleft>
            <top>20</top>
            <height>200</height>
            <width>200</width>
            <texture diffuse="icons/profiles/profile-diffuse.png">$INFO[ListItem.Icon]</texture>
            <aspectratio scalediffuse="false">scale</aspectratio>
          </control>
          <control type="textbox">
            <left>60</left>
            <right>60</right>
            <top>220</top>
            <height>80</height>
            <label>[B]$INFO[ListItem.label][/B]</label>
            <font>font27</font>
            <align>center</align>
            <aligny>center</aligny>
          </control>
        </focusedlayout>
      </control>
      <control type="label">
        <left>0</left>
        <right>0</right>
        <top>860</top>
        <height>45</height>
        <font>font12</font>
        <textcolor>80FFFFFF</textcolor>
        <align>center</align>
        <aligny>center</aligny>
        <label>$INFO[ListItem.label2]</label>
      </control>
      <control type="button" id="20">
        <centerleft>50%</centerleft>
        <bottom>20</bottom>
        <width>500</width>
        <height>130</height>
        <label>$LOCALIZE[31072]</label>
        <font>font12</font>
        <align>center</align>
        <onclick>ActivateWindow(ShutdownMenu)</onclick>
        <onleft>52</onleft>
        <onright>52</onright>
        <onup>52</onup>
        <ondown>52</ondown>
        <texturefocus border="40" colordiffuse="$VAR[ColorHighlight]">buttons/dialogbutton-fo.png</texturefocus>
        <texturenofocus border="40">buttons/dialogbutton-nofo.png</texturenofocus>
      </control>
    </control>
    <include>TopBar</include>
  </controls>
</window>
