<?xml version="1.0" encoding="utf-8"?>
<window>
  <defaultcontrol always="true">2</defaultcontrol>
  <include>Animation_DialogPopupOpenClose</include>
  <controls>
    <control type="button">
      <description>background close area</description>
      <left>0</left>
      <top>0</top>
      <width>100%</width>
      <bottom>546</bottom>
      <texturefocus/>
      <texturenofocus/>
      <onclick>Action(close)</onclick>
    </control>
    <control type="group">
      <bottom>0</bottom>
      <height>550</height>
      <control type="image">
        <left>0</left>
        <width>100%</width>
        <height>410</height>
        <animation effect="fade" start="0" end="100" time="300">WindowOpen</animation>
        <animation effect="fade" start="100" end="0" time="300">WindowClose</animation>
        <texture colordiffuse="E6FFFFFF">dialogs/dialog-bg-nobo.png</texture>
      </control>
      <control type="textbox">
        <left>0</left>
        <top>1</top>
        <width>1920</width>
        <height>410</height>
        <align>center</align>
        <aligny>center</aligny>
        <font>font45_title</font>
        <label>$LOCALIZE[31155]</label>
        <visible>Integer.IsEqual(Container(11).NumItems,0)</visible>
      </control>
      <control type="grouplist" id="9001">
        <orientation>horizontal</orientation>
        <left>0</left>
        <top>-10</top>
        <width>100%</width>
        <align>center</align>
        <height>100</height>
        <onup>11</onup>
        <ondown>11</ondown>
        <include content="DefaultDialogButton">
          <param name="id" value="2"/>
          <param name="label" value="$LOCALIZE[294]"/>
          <param name="width" value="350"/>
        </include>
        <include content="DefaultDialogButton">
          <param name="id" value="3"/>
          <param name="label" value="$LOCALIZE[296]"/>
          <param name="width" value="350"/>
        </include>
        <include content="DefaultDialogButton">
          <param name="id" value="4"/>
          <param name="label" value="$LOCALIZE[20406]"/>
          <param name="width" value="350"/>
          <param name="visible" value="Control.IsEnabled(4)"/>
        </include>
      </control>
      <control type="panel" id="11">
        <left>0</left>
        <top>81</top>
        <width>100%</width>
        <height>350</height>
        <onup>9001</onup>
        <ondown>9001</ondown>
        <preloaditems>2</preloaditems>
        <scrolltime tween="sine">200</scrolltime>
        <orientation>horizontal</orientation>
        <itemlayout width="360" height="340">
          <control type="group">
            <left>70</left>
            <control type="image">
              <left>0</left>
              <top>5</top>
              <width>330</width>
              <height>250</height>
              <aspectratio>scale</aspectratio>
              <texture border="4" fallback="DefaultVideo.png">$INFO[ListItem.Art(thumb)]</texture>
              <bordertexture colordiffuse="border_alpha">colors/black.png</bordertexture>
              <bordersize>4</bordersize>
            </control>
            <control type="label">
              <left>20</left>
              <top>255</top>
              <width>290</width>
              <height>40</height>
              <label>$INFO[ListItem.Label][CR][COLOR grey]$INFO[ListItem.Label2][/COLOR]</label>
              <font>font12</font>
              <shadowcolor>text_shadow</shadowcolor>
              <align>center</align>
            </control>
          </control>
        </itemlayout>
        <focusedlayout width="360" height="340">
          <control type="group">
            <left>70</left>
            <control type="image">
              <left>0</left>
              <top>5</top>
              <width>330</width>
              <height>250</height>
              <aspectratio>scale</aspectratio>
              <texture border="4" fallback="DefaultVideo.png">$INFO[ListItem.Art(thumb)]</texture>
              <bordertexture colordiffuse="border_alpha">colors/black.png</bordertexture>
              <bordersize>4</bordersize>
            </control>
            <control type="label">
              <left>20</left>
              <top>255</top>
              <width>290</width>
              <height>40</height>
              <label>$INFO[ListItem.Label][CR][COLOR grey]$INFO[ListItem.Label2][/COLOR]</label>
              <font>font12</font>
              <shadowcolor>text_shadow</shadowcolor>
              <align>center</align>
            </control>
            <control type="image">
              <left>0</left>
              <top>5</top>
              <width>330</width>
              <height>250</height>
              <texture border="8" colordiffuse="$VAR[ColorHighlight]">buttons/thumbnail_focused.png</texture>
              <visible>Control.HasFocus(11)</visible>
            </control>
          </control>
        </focusedlayout>
      </control>
    </control>
  </controls>
</window>
